Chromosome,Position,Trait,LOD,LODDropRDW,LODDropHDW,LODDropNLR,PValue,PeakMarker,lbSI,ubSI
2,128.764153,Lifespan,7.220318248376883,-0.13248814462129666,0.5770305275861762,-0.04400962138819775,0.0648,UNC3946248,128.372768,129.364448
6,25.22833,Lifespan,7.018059575858589,0.33189085685075703,0.3219314990572997,0.546196846207434,0.0904,UNC10749252,23.581197,27.652608
18,10.777436,Lifespan,6.5915691785543284,1.3006533725373917,1.9110733621306535,-0.25081632339194115,0.1853,UNC28718524,8.523683,14.397343
